DNE,tooth_position
307.820900345524,m_1
332.083612368644,m_2
333.001316533194,m_3
